{
  "version": 1,
  "author": "Anonymous maker",
  "editor": "wokwi",
  "parts": [
    { "type": "board-esp32-devkit-c-v4", "id": "esp", "top": -57.6, "left": -23.96, "attrs": {} },
    { "type": "chip-l298n", "id": "chip1", "top": 39.42, "left": 139.2, "attrs": {} },
    { "type": "wokwi-potentiometer", "id": "pot1", "top": -20.5, "left": -269, "attrs": {} },
    { "type": "wokwi-led", "id": "led1", "top": 63.6, "left": 330.2, "attrs": { "color": "red" } },
    {
      "type": "wokwi-resistor",
      "id": "r1",
      "top": 109.55,
      "left": 268.8,
      "attrs": { "value": "330" }
    },
    { "type": "wokwi-vcc", "id": "vcc1", "top": -18.44, "left": 259.2, "attrs": {} },
    { "type": "wokwi-vcc", "id": "vcc3", "top": 10.36, "left": -182.4, "attrs": {} },
    { "type": "wokwi-gnd", "id": "gnd3", "top": 86.4, "left": -250.2, "attrs": {} },
    {
      "type": "wokwi-lcd2004",
      "id": "lcd1",
      "top": -204.8,
      "left": 111.2,
      "attrs": { "pins": "i2c" }
    },
    {
      "type": "wokwi-membrane-keypad",
      "id": "keypad1",
      "top": -414.8,
      "left": -253.6,
      "attrs": {}
    },
    { "type": "wokwi-gnd", "id": "gnd1", "top": 28.8, "left": 297, "attrs": {} }
  ],
  "connections": [
    [ "esp:TX", "$serialMonitor:RX", "", [] ],
    [ "esp:RX", "$serialMonitor:TX", "", [] ],
    [ "chip1:OUT1", "r1:1", "red", [ "v0" ] ],
    [ "r1:2", "led1:A", "red", [ "h27.6", "v-9.6" ] ],
    [ "led1:C", "chip1:OUT2", "black", [ "v0" ] ],
    [ "chip1:12V", "vcc1:VCC", "red", [ "h0" ] ],
    [ "pot1:VCC", "vcc3:VCC", "red", [ "h47.2", "v-19.2" ] ],
    [ "pot1:GND", "gnd3:GND", "black", [ "v0" ] ],
    [ "lcd1:SDA", "esp:21", "green", [ "h-19.2", "v173" ] ],
    [ "esp:22", "lcd1:SCL", "green", [ "h9.6", "v-134.7" ] ],
    [ "esp:15", "keypad1:C4", "green", [ "h9.6", "v48", "h-172.8", "v-240" ] ],
    [ "esp:2", "keypad1:C3", "green", [ "h19.2", "v67.2", "h-191.85" ] ],
    [ "esp:4", "keypad1:C2", "green", [ "h28.8", "v96", "h-201.6" ] ],
    [ "esp:16", "keypad1:C1", "green", [ "h38.4", "v115.2", "h-220.8" ] ],
    [ "esp:17", "keypad1:R4", "green", [ "h9.6", "v124.8", "h-211.2" ] ],
    [ "esp:5", "keypad1:R3", "green", [ "h19.2", "v144", "h-230.4" ] ],
    [ "esp:18", "keypad1:R2", "green", [ "h28.8", "v163.2", "h-249.6" ] ],
    [ "esp:19", "keypad1:R1", "green", [ "h38.4", "v182.4", "h-268.8" ] ],
    [ "esp:34", "pot1:SIG", "green", [ "h-28.65", "v76.8", "h-182" ] ],
    [ "chip1:GND", "esp:GND.3", "black", [ "h-17.39", "v-38.4" ] ],
    [ "chip1:5V", "esp:5V", "red", [ "h21.01", "v105.6", "h-307.2", "v-48" ] ],
    [ "esp:14", "chip1:EN A", "red", [ "h19.35", "v-96", "h144" ] ],
    [ "esp:27", "chip1:IN1", "orange", [ "h9.75", "v-76.8", "h134.4", "v67.2" ] ],
    [ "chip1:IN2", "esp:26", "magenta", [ "h-9.6", "v-67.2", "h-124.8", "v57.6" ] ],
    [ "chip1:GND2", "gnd1:GND", "black", [ "h40.21", "v-38.4", "h19.2" ] ],
    [ "lcd1:VCC", "vcc1:VCC", "red", [ "h-9.6", "v172.9" ] ],
    [ "lcd1:GND", "esp:GND.3", "black", [ "h0", "v201.6" ] ]
  ],
  "dependencies": {}
}